City,Political
Moscow,5.17
Jakarta,12.219999999999999
Canberra,14.240000000000002
ShangHai,38.260000000000005
Paris,15.48
Tokyo,-35.30000000000001
Seoul,-19.310000000000002
